{"accuracy": [0.7085307836532593, 0.8696682453155518, 0.8601895570755005, 0.8672986030578613, 0.8767772316932678, 0.9028435945510864, 0.9194312691688538, 0.9123222827911377, 0.9123222827911377, 0.9099525809288025, 0.9194312691688538, 0.9194312691688538], "loss": [0.5159112811088562, 0.32477977871894836, 0.3369138240814209, 0.304598331451416, 0.25771260261535645, 0.2296522557735443, 0.2169700413942337, 0.22046558558940887, 0.21110643446445465, 0.19429989159107208, 0.17902804911136627, 0.175470232963562], "val_accuracy": [0.8351648449897766, 0.8791208863258362, 0.8681318759918213, 0.8571428656578064, 0.8791208863258362, 0.8791208863258362, 0.901098906993866, 0.8791208863258362, 0.8681318759918213, 0.8791208863258362, 0.8901098966598511, 0.901098906993866], "val_loss": [0.38346976041793823, 0.30334383249282837, 0.3010440766811371, 0.3184971511363983, 0.27851226925849915, 0.27695778012275696, 0.27451279759407043, 0.31207525730133057, 0.2912355661392212, 0.2832106351852417, 0.29487743973731995, 0.2825464606285095]}