{"accuracy": [0.6255924105644226, 0.7962085604667664, 0.8578199148178101, 0.8886256217956543, 0.8933649063110352, 0.8933649063110352, 0.8909952640533447, 0.8981042504310608, 0.900473952293396, 0.9075829386711121, 0.9123222827911377, 0.8957346081733704], "loss": [0.5890709757804871, 0.4273269474506378, 0.31618380546569824, 0.27176666259765625, 0.2594395875930786, 0.24968233704566956, 0.24076300859451294, 0.22993141412734985, 0.23169752955436707, 0.21182532608509064, 0.2092849165201187, 0.21210050582885742], "val_accuracy": [0.7252747416496277, 0.8351648449897766, 0.8021978139877319, 0.8681318759918213, 0.8681318759918213, 0.8901098966598511, 0.8901098966598511, 0.8791208863258362, 0.8901098966598511, 0.8681318759918213, 0.8901098966598511, 0.8901098966598511], "val_loss": [0.4865887463092804, 0.3647964894771576, 0.3496280312538147, 0.29187318682670593, 0.31120815873146057, 0.29333990812301636, 0.2659468650817871, 0.3021917939186096, 0.2676744759082794, 0.2919408082962036, 0.2687458097934723, 0.28641048073768616]}